-- clean order_item
delete from order_item;
-- clean purchase_order
delete from purchase_order;
-- clean user_data table
delete from address;
delete from user_data; --when username = 'jean@mail.com';
-- clean item_counter
delete item_counter;

-- insert user_data
INSERT INTO PUBLIC.USER_DATA (USERNAME,USER_TYPE,PASSWORD,FIRST_NAME,LAST_NAME,TITLE,PHONE) VALUES
	 ('emile@mailo.fr','CU','pomme','Émile','Lampion','mister',NULL);
INSERT INTO PUBLIC.USER_DATA (USERNAME,USER_TYPE,PASSWORD,FIRST_NAME,LAST_NAME,TITLE,PHONE) VALUES
	 ('roger@gmail.com','CU','banane',NULL,NULL,NULL,NULL);
INSERT INTO PUBLIC.USER_DATA (USERNAME,USER_TYPE,PASSWORD,FIRST_NAME,LAST_NAME,TITLE,PHONE) VALUES
	 ('jean@gmail.com','CU','banane','Jean','Larosière',NULL,NULL);
INSERT INTO PUBLIC.USER_DATA (USERNAME,USER_TYPE,PASSWORD,FIRST_NAME,LAST_NAME,TITLE,PHONE) VALUES
	 ('aurelien@mail.fr','CU','poire','Aurelien','Maltaverne','Mister',NULL);
INSERT INTO PUBLIC.USER_DATA (USERNAME,USER_TYPE,PASSWORD,FIRST_NAME,LAST_NAME,TITLE,PHONE) VALUES
	 ('olivier@mail.com','CU','secret','Olivier','Hanny',NULL,NULL);

	 --insert address data
insert into address(id,street, postcode, city) values ('emile@mailo.fr','10 rue de belleville', '75020', 'Paris');

	
-- insert purchase_order
INSERT INTO PUBLIC.PURCHASE_ORDER (ID, ORDER_NUMBER,CREATED,STATUS,CUSTOMER_ID) VALUES
	 (1, 'CDE22-0001','2022-04-07 09:56:05.805','Allocated','emile@mailo.fr');
INSERT INTO PUBLIC.PURCHASE_ORDER (ID, ORDER_NUMBER,CREATED,STATUS,CUSTOMER_ID) VALUES
	 (2, 'CDE22-0002','2022-04-07 09:56:05.805','Allocated','emile@mailo.fr');
INSERT INTO PUBLIC.PURCHASE_ORDER (ID, ORDER_NUMBER,CREATED,STATUS,CUSTOMER_ID) VALUES
	 (3, 'CDE22-0006','2022-04-07 12:07:44.185','Allocated','jean@gmail.com');
INSERT INTO PUBLIC.PURCHASE_ORDER (ID, ORDER_NUMBER,CREATED,STATUS,CUSTOMER_ID) VALUES
	 (4, 'CDE22-0007','2022-04-07 13:59:14.701','Allocated','roger@gmail.com');
INSERT INTO PUBLIC.PURCHASE_ORDER (ID, ORDER_NUMBER,CREATED,STATUS,CUSTOMER_ID) VALUES
	 (5, 'CDE23-0001','2023-04-11 10:42:29.661','Allocated','emile@mailo.fr');
INSERT INTO PUBLIC.PURCHASE_ORDER (ID, ORDER_NUMBER,CREATED,STATUS,CUSTOMER_ID) VALUES
	 (6, 'CDE23-0002','2023-04-11 10:43:28.061','Allocated','emile@mailo.fr');
INSERT INTO PUBLIC.PURCHASE_ORDER (ID, ORDER_NUMBER,CREATED,STATUS,CUSTOMER_ID) VALUES
	 (7, 'CDE23-0003','2023-04-11 10:44:08.212','Allocated','emile@mailo.fr');
INSERT INTO PUBLIC.PURCHASE_ORDER (ID, ORDER_NUMBER,CREATED,STATUS,CUSTOMER_ID) VALUES
	 (8, 'CDE23-0004','2023-04-11 11:16:41.807','Allocated','emile@mailo.fr');
INSERT INTO PUBLIC.PURCHASE_ORDER (ID, ORDER_NUMBER,CREATED,STATUS,CUSTOMER_ID) VALUES
	 (9, 'CDE23-0005','2023-04-11 11:19:00.076','Allocated','emile@mailo.fr');
INSERT INTO PUBLIC.PURCHASE_ORDER (ID, ORDER_NUMBER,CREATED,STATUS,CUSTOMER_ID) VALUES
	 (10, 'CDE23-0006','2023-04-14 11:04:07.536348','Allocated','emile@mailo.fr');
INSERT INTO PUBLIC.PURCHASE_ORDER (ID,ORDER_NUMBER,CREATED,STATUS,CUSTOMER_ID) VALUES
	 (11, 'CDE23-0007','2023-04-25 11:18:10.071074','Allocated','emile@mailo.fr');
INSERT INTO PUBLIC.PURCHASE_ORDER (ID, ORDER_NUMBER,CREATED,STATUS,CUSTOMER_ID) VALUES
	 (12,'CDE23-0008','2023-04-26 16:50:28.589123','Allocated','emile@mailo.fr');
INSERT INTO PUBLIC.PURCHASE_ORDER (ID, ORDER_NUMBER,CREATED,STATUS,CUSTOMER_ID) VALUES
	 (13, 'CDE23-0009','2023-04-27 08:38:39.453899','Allocated','emile@mailo.fr');
INSERT INTO PUBLIC.PURCHASE_ORDER (ID, ORDER_NUMBER,CREATED,STATUS,CUSTOMER_ID) VALUES
	 (14, 'CDE23-0010','2023-04-27 08:41:42.114073','Allocated','emile@mailo.fr');

INSERT INTO PUBLIC.ORDER_ITEM (ID, "POSITION",QUANTITY,UNIT_PRICE,BOOK_ID,ORDER_ID) VALUES
	 (1,0,1,9.99,7,1);
INSERT INTO PUBLIC.ORDER_ITEM (ID, "POSITION",QUANTITY,UNIT_PRICE,BOOK_ID,ORDER_ID) VALUES
	 (2,0,3,9.95,8,1);
INSERT INTO PUBLIC.ORDER_ITEM (ID, "POSITION",QUANTITY,UNIT_PRICE,BOOK_ID,ORDER_ID) VALUES
	 (3,0,2,9.99,4,2);
INSERT INTO PUBLIC.ORDER_ITEM (ID, "POSITION",QUANTITY,UNIT_PRICE,BOOK_ID,ORDER_ID) VALUES
	 (4,0,2,10.20,35,3);
INSERT INTO PUBLIC.ORDER_ITEM (ID, "POSITION",QUANTITY,UNIT_PRICE,BOOK_ID,ORDER_ID) VALUES
	 (5,0,1,10.50,62,3);
INSERT INTO PUBLIC.ORDER_ITEM (ID, "POSITION",QUANTITY,UNIT_PRICE,BOOK_ID,ORDER_ID) VALUES
	 (6,0,1,9.99,28,4);
INSERT INTO PUBLIC.ORDER_ITEM (ID, "POSITION",QUANTITY,UNIT_PRICE,BOOK_ID,ORDER_ID) VALUES
	 (7,0,1,11.50,58,5);
INSERT INTO PUBLIC.ORDER_ITEM (ID, "POSITION",QUANTITY,UNIT_PRICE,BOOK_ID,ORDER_ID) VALUES
	 (8,0,1,11.50,58,6);
INSERT INTO PUBLIC.ORDER_ITEM (ID, "POSITION",QUANTITY,UNIT_PRICE,BOOK_ID,ORDER_ID) VALUES
	 (9,0,1,11.50,58,7);
INSERT INTO PUBLIC.ORDER_ITEM (ID, "POSITION",QUANTITY,UNIT_PRICE,BOOK_ID,ORDER_ID) VALUES
	 (10,0,2,11.75,335,8);
INSERT INTO PUBLIC.ORDER_ITEM (ID, "POSITION",QUANTITY,UNIT_PRICE,BOOK_ID,ORDER_ID) VALUES
	 (11,0,2,11.75,335,9);
INSERT INTO PUBLIC.ORDER_ITEM (ID, "POSITION",QUANTITY,UNIT_PRICE,BOOK_ID,ORDER_ID) VALUES
	 (12,0,1,9.99,1,10);
INSERT INTO PUBLIC.ORDER_ITEM (ID, "POSITION",QUANTITY,UNIT_PRICE,BOOK_ID,ORDER_ID) VALUES
	 (13,0,1,11.55,39,11);
INSERT INTO PUBLIC.ORDER_ITEM (ID, "POSITION",QUANTITY,UNIT_PRICE,BOOK_ID,ORDER_ID) VALUES
	 (14,0,2,12.50,65,11);
INSERT INTO PUBLIC.ORDER_ITEM (ID, "POSITION",QUANTITY,UNIT_PRICE,BOOK_ID,ORDER_ID) VALUES
	 (15,0,1,9.99,1,12);
INSERT INTO PUBLIC.ORDER_ITEM (ID, "POSITION",QUANTITY,UNIT_PRICE,BOOK_ID,ORDER_ID) VALUES
	 (16,0,2,9.99,3,12);
INSERT INTO PUBLIC.ORDER_ITEM (ID, "POSITION",QUANTITY,UNIT_PRICE,BOOK_ID,ORDER_ID) VALUES
	 (17,0,1,9.99,1,13);
INSERT INTO PUBLIC.ORDER_ITEM (ID, "POSITION",QUANTITY,UNIT_PRICE,BOOK_ID,ORDER_ID) VALUES
	 (18,0,2,9.99,4,13);
INSERT INTO PUBLIC.ORDER_ITEM (ID, "POSITION",QUANTITY,UNIT_PRICE,BOOK_ID,ORDER_ID) VALUES
	 (19,0,1,9.99,2,14);
	 
INSERT INTO PUBLIC.ITEM_COUNTER (ITEM,ITEM_VALUE) VALUES('ORDER-22',7);
INSERT INTO PUBLIC.ITEM_COUNTER (ITEM,ITEM_VALUE) VALUES('ORDER-23',10);


	 
i